rank,feature,mean_abs_shap
1,RR_Mean_Global,0.01464474169256549
2,QRS_Count_Global,0.014161895324505513
3,HR_Ventr_Global,0.013571684852019513
4,HR_Atrial_Global,0.01336923086669623
5,HR__Global,0.012563076559973175
6,P_On_Global,0.006449846328350263
7,P-_Amp_aVL,0.006203486582671073
8,PR_Int_Global,0.0059508818956642805
9,P_AreaFull_aVR,0.0056707466870452436
10,P-_Dur_aVL,0.005586723546329419
11,P-_Dur_aVR,0.005416515420019591
12,P_AreaFull_V5,0.005295011662496634
13,P_Off_Global,0.0049885983372536455
14,P_Morph_II,0.004875324073202964
15,T_On_Global,0.004812967265717133
16,P_Amp_aVR,0.004628752900702624
17,P_Morph_I,0.004499385216992165
18,P_DurFull_I,0.004315997110923195
19,P_Morph_aVL,0.004102179436842434
20,T_Off_Global,0.0040693859255305645
21,QT_Int_Global,0.004011110760433671
22,S_Dur_I,0.003930219565935749
23,P_Morph_V1,0.0039060440397798873
24,P_Area_aVR,0.003709564646511495
25,P+_Dur_II,0.003700866606044402
26,P_Morph_V4,0.0036753160365659196
27,S_Amp_I,0.003309005398201033
28,P-_Amp_aVR,0.00329767329287623
29,S_Area_I,0.0032362718627720554
30,P_AreaFull_I,0.0032162505552626956
31,P_Found_Global,0.003115237137359577
32,QT_IntCorr_Global,0.003045876326377831
33,P_Dur_aVR,0.0030456497262327394
34,P_AreaFull_V4,0.0030454476444046743
35,P_AreaFull_II,0.002858232202726931
36,P_Amp_I,0.00272739026064427
37,Pp_Area_V1,0.0026466199591915936
38,QT_IntBazett_Global,0.0026452894914907456
39,T-_Amp_aVL,0.0025478330487038875
40,P_Amp_II,0.0025140218216081265
41,S_Area_II,0.0024591629527741018
42,P+_Dur_I,0.002453007514610877
43,P+_Amp_V2,0.002448942474434558
44,P_Area_aVL,0.0024385357330581003
45,P_Amp_aVL,0.002411849456107681
46,T_Morph_I,0.0023458543847166085
47,P_Morph_V3,0.0020731701726384687
48,Pp_Dur_aVL,0.002048967456704883
49,P+_Dur_V1,0.00201595379206783
50,P_Morph_V6,0.002008340389449185
51,T+_Dur_I,0.0019920760184569427
52,P_PeakTime_V4,0.0019466974889633206
53,P_Amp_V5,0.0019364190143558717
54,P+_Amp_V1,0.0018836265285368478
55,P_AreaFull_V3,0.0018814343568878099
56,T_Morph_aVL,0.0018697106806824272
57,P_PeakTime_I,0.0018563507284238181
58,P_Dur_I,0.001851584106055744
59,P_Area_I,0.0017901777781923758
60,P_Amp_V4,0.0017861306325050515
61,T_Morph_V1,0.00176155928288733
62,Pp_Amp_aVL,0.00175492916388628
63,T+_Dur_V6,0.0017450222409873364
64,T_DurFull_V2,0.0017327273293236884
65,P_AreaFull_V6,0.001708514403007002
66,Pp_PeakTime_aVL,0.001702000524923759
67,T_DurFull_V6,0.0016980292713789577
68,S_PeakTime_V6,0.0016788109192666279
69,Pp_Amp_V1,0.001656394293091254
70,P_OnsAmp_aVR,0.0016173569443005977
71,Pp_PeakTime_V1,0.001570979622212222
72,S_PeakTime_I,0.00150833640073576
73,Q_PeakTime_V6,0.0014876515185860261
74,Rp_Area_aVR,0.0014757148723174294
75,Pp_Area_III,0.0014656194391758368
76,P_Amp_V3,0.0014547570548969788
77,P_PeakTime_V2,0.0014528536136146151
78,P_PeakTime_aVR,0.0014389583473284413
79,Q_Area_III,0.001421086219678826
80,Q_PeakTime_III,0.0014145569228920987
81,P+_Dur_V3,0.0013624327720276209
82,P+_Amp_V4,0.001335498550782333
83,T_Dur_aVR,0.001332974793554876
84,P_Amp_V2,0.001331148242543187
85,P+_Amp_II,0.0013307688268683188
86,P+_Dur_V6,0.001330029375524384
87,P_Dur_II,0.0013198365632147253
88,T_DurFull_V5,0.0012976715109943803
89,P-_Dur_III,0.0012842388530361554
90,T+_Amp_III,0.0012823208183472337
91,T_DurFull_aVR,0.0012784199459986293
92,Pp_Dur_III,0.00127614791742358
93,P_Area_II,0.0012652366441407172
94,T-_Amp_I,0.0012641656279884564
95,P_DurFull_II,0.0012519248472835443
96,QRS_Off_Global,0.001249757786027496
97,T_DurFull_III,0.0012417013819681483
98,P+_Dur_V5,0.0012349645561921952
99,P_Dur_V6,0.0012338517710984095
100,T+_Dur_III,0.0012107706294174762
101,P_Term_V1,0.0011978762136065375
102,S_Dur_aVF,0.001182372472661627
103,T_DurFull_II,0.0011796353947691471
104,T_Morph_V6,0.0011795430661581203
105,Rp_Dur_aVR,0.0011770090504019807
106,P+_Dur_aVF,0.001175939081794352
107,T-_Dur_aVR,0.0011759130705550618
108,S_Dur_V2,0.0011744069133820918
109,P_Area_aVF,0.0011735842225883107
110,P_Morph_V5,0.0011722052657495085
111,P+_Amp_I,0.0011694557011866136
112,P_Dur_V1,0.0011653958914483644
113,ST_Amp116_aVL,0.0011640187303502472
114,S_Amp_II,0.0011517099493128164
115,Q_Amp_III,0.0011325791936549212
116,T+_Dur_II,0.0011316569711084035
117,Q_Dur_III,0.0011264205283486681
118,T+_Amp_V1,0.0011141504316512566
119,R_Dur_I,0.0011088979071744443
120,P_Area_V5,0.0010966272637263602
121,P_OnsAmp_V5,0.0010878843478413314
122,T+_Dur_V1,0.0010864394935660546
123,Q_Off_Global,0.0010804435775099064
124,R_Dur_aVL,0.0010801559768854497
125,P_Dur_V2,0.0010730639905145464
126,P_Morph_III,0.0010605902248468112
127,P_PeakTime_V3,0.001036253432273335
128,T_AmpSpecial_I,0.0010135122724876844
129,T-_Dur_aVL,0.0010087090809395764
130,P_OnsAmp_II,0.0010007645858111306
131,P_Dur_III,0.0009936439027908128
132,T_Dur_III,0.0009867520699847077
133,R_Area_aVR,0.0009711908705729141
134,Q_Dur_V6,0.0009619915646076966
135,Pp_Dur_V1,0.0009476284236362446
136,P_OnsAmp_V3,0.0009453769618396592
137,P_AreaFull_aVF,0.000939685719146631
138,T_PeakTime_I,0.0009264971951721097
139,P_DurFull_aVR,0.0009181361080553962
140,P+_Amp_V5,0.000916557030912023
141,Q_Amp_aVR,0.0009149051359756558
142,P_OnsAmp_aVF,0.0009090934900430983
143,P_DurFull_V2,0.0009090781669318778
144,S_Amp_aVF,0.0009078423978495183
145,T_Dur_V2,0.0009077280819601684
146,Pp_PeakTime_III,0.0009066418971167265
147,T_DurFull_I,0.0009011049231835609
148,P_Area_V6,0.0008877966461615211
149,T_Area_I,0.0008738002927109512
150,Q_Area_aVR,0.0008684241382949022
151,T_Dur_V3,0.0008622463130460947
152,T_Dur_V6,0.0008602394013840342
153,P_PeakTime_V6,0.0008575902180066575
154,ST_AmpMax_I,0.0008571082207300895
155,S_PeakTime_II,0.0008569317486110044
156,P+_Dur_V4,0.0008544658792478839
157,P_OnsAmp_V4,0.0008526911770751215
158,T_DurFull_V1,0.0008512109313627496
159,R_Dur_aVR,0.000850051724475377
160,P_Area_V1,0.0008498860385318031
161,T_PeakTime_aVF,0.0008434681669469934
162,P+_Amp_V3,0.000835604192361251
163,S_PeakTime_V5,0.0008352078664446338
164,ST_AmpMax_aVL,0.0008330304623498739
165,S_Dur_aVL,0.0008285679235750811
166,Q_PeakTime_aVR,0.0008230210408302139
167,R_PeakTime_aVR,0.00082285643143971
168,Q_Dur_aVR,0.0008168093492261804
169,T_AreaFull_I,0.0008161158755040823
170,P+_Dur_V2,0.0008147669732132465
171,T_Dur_V5,0.0008139838773322459
172,P_PeakTime_II,0.0008127435786114756
173,T_Area_aVL,0.0008070720785246585
174,Rp_Amp_aVR,0.000798586175640134
175,P_OnsAmp_V2,0.0007976928042494473
176,QRS_AmpPP_I,0.0007943643866137294
177,P_Morph_aVF,0.0007897843629495275
178,P_Amp_V1,0.0007841852732353484
179,S_PeakTime_aVL,0.000782669417193897
180,T+_Dur_V3,0.0007806713329902908
181,QRS_Dur_Global,0.0007741349663029242
182,T-_Dur_V1,0.0007716206034551673
183,T_Dur_II,0.0007649833961176853
184,T-_Dur_I,0.0007555434506969754
185,P+_Dur_III,0.000752318667807052
186,Pp_Dur_V2,0.0007450050590999404
187,P_PeakTime_V5,0.0007394070193518071
188,P+_Amp_V6,0.0007322784656316605
189,P_DurFull_V1,0.0007303105397761609
190,Pp_Area_aVL,0.000725824308629263
191,P-_Amp_III,0.0007253660752401182
192,P_OnsAmp_V6,0.000723312568668809
193,ST_Amp_I,0.0007200540067350684
194,T+_Dur_V5,0.0007195456288234846
195,T_Off_aVR,0.0007145338658941707
196,ST_AmpMin_III,0.00071331555819264
197,ST_Amp116_III,0.0007103670621103206
198,S_PeakTime_aVF,0.0007028891257415542
199,R_PeakTime_V3,0.000697305548458809
200,P_Area_V3,0.000696679531990803
201,P_Area_V2,0.000695610008946069
202,T_Dur_I,0.000694677898894116
203,P_Area_V4,0.0006926331712874422
204,ST_AmpMin_I,0.0006925200804348175
205,T+_Amp_aVL,0.0006919064351315679
206,Q_Dur_II,0.0006881313919148291
207,T_Dur_V1,0.0006845564216902325
208,T_DurFull_V4,0.0006842262236307447
209,T+_Dur_V2,0.0006761610854133725
210,ST_AmpMin_aVL,0.0006753204676985534
211,P_PeakTime_III,0.0006684414925773009
212,P_Dur_aVL,0.0006663926346108952
213,T-_Amp_V1,0.0006647390750812134
214,P_DurFull_V5,0.0006627355507435516
215,QRS_Area_II,0.0006589603203033899
216,T+_Dur_aVF,0.0006542463188429262
217,T_DurFull_V3,0.0006533366189809688
218,T_Off_II,0.0006441508407969095
219,T_PeakTime_V1,0.0006436516442915708
220,T_PeakTime_II,0.0006426173625739274
221,T_DurFull_aVF,0.000642006720475935
222,T_Dur_aVF,0.0006416529966022574
223,R_Dur_aVF,0.0006376654832565585
224,P_DurFull_aVF,0.0006371120775188008
225,P+_Amp_III,0.0006370992609515459
226,R_Amp_II,0.0006281393083783626
227,T_Morph_III,0.0006279755738985105
228,T_AreaFull_V6,0.0006279346911646677
229,R_Dur_V5,0.0006258261623762935
230,QRS_AmpPP_aVL,0.0006236513571156947
231,R_Amp_aVR,0.000623001836296579
232,ST_Amp116_V5,0.0006186093129154575
233,QRS_Balance_aVR,0.0006180150525675517
234,Q_PeakTime_I,0.0006146577965129182
235,T+_Dur_V4,0.0006141410051132551
236,S_PeakTime_aVR,0.0006129406261294478
237,P_Dur_V4,0.0006128857379317885
238,R_PeakTime_II,0.0006122895690366036
239,S_Dur_II,0.0006116711641536508
240,T_Amp_aVR,0.0006104400498983398
241,ST_AmpMin_V2,0.0006087939081518802
242,QRS_AmpPP_II,0.000605838148729003
243,P_Dur_V3,0.0006045783678730065
244,T_Off_V3,0.0006045423153832629
245,P_AreaFull_V2,0.0006016717654887946
246,Q_Area_aVL,0.0006016233532059951
247,Q_PeakTime_V4,0.0006012345757810503
248,T+_Dur_aVL,0.0006001488207449374
249,S_Amp_aVL,0.0005979787176399675
250,QRS_AmpPP_aVR,0.0005965779035455741
251,ST_AmpMax_III,0.0005861414263860947
252,T_Area_aVR,0.0005859945255481952
253,Q_PeakTime_II,0.0005859854512341448
254,T_Amp_I,0.0005842424633143611
255,R_PeakTime_V6,0.0005813696615548021
256,QT_IntFramingham_Global,0.0005812006691144997
257,P_OnsAmp_III,0.0005811062155430045
258,P_DurFull_V3,0.0005765351788499493
259,Q_Area_V6,0.0005753886159460528
260,T_Off_V4,0.0005683631632976302
261,P_Amp_V6,0.0005670855677650504
262,P_AxisFront_Global,0.0005656009810824594
263,P-_Amp_V1,0.0005558822380449667
264,Max_R_Amp_I,0.0005555383190852215
265,R_PeakTime_V4,0.0005553733967116466
266,P+_Dur_aVL,0.0005532748115534638
267,Q_Dur_aVL,0.0005511895234762616
268,ST_Amp116_I,0.0005497980220336921
269,R_PeakTime_I,0.0005494158499151432
270,S_Area_V6,0.0005487912242168591
271,T_DurFull_aVL,0.0005477823093046894
272,Q_PeakTime_aVF,0.0005462823786745039
273,R_Dur_V6,0.0005415045697140294
274,R_PeakTime_V5,0.0005414691892055038
275,QRS_Area_aVF,0.0005408080750320948
276,P_Morph_V2,0.0005402513877325912
277,T_PeakTime_aVR,0.0005388376056458768
278,Q_Dur_I,0.000532446979899723
279,P_OnsAmp_I,0.0005322467832648507
280,Max_S_Amp_V6,0.0005320441359782897
281,T+_Amp_V4,0.0005319577809180901
282,P_AreaFull_III,0.0005299047334950887
283,Max_S_Amp_I,0.0005297543971205586
284,ST_Amp18_I,0.0005284324830913311
285,P_Dur_aVF,0.0005242964152351286
286,P+_Amp_aVL,0.0005229059352290131
287,R_Amp_I,0.0005156185042427087
288,ST_AmpMin_V4,0.0005149842565672141
289,ST_Amp18_III,0.0005108674909723073
290,Q_On_Global,0.000508645760402323
291,T_Off_V2,0.0005070369034814296
292,R_Dur_II,0.0005064800852180331
293,ST_Amp18_aVL,0.0005054601264500761
294,Q_Area_aVF,0.000504795932725465
295,T_Off_aVL,0.0005046197415078285
296,T_AreaFull_aVL,0.0005039233820519028
297,P-_Dur_II,0.0005028413896360424
298,T_PeakTime_V5,0.0005025570280747432
299,P_PeakTime_V1,0.0005025227022072407
300,P_DurFull_aVL,0.0005023914111770064
301,S_Amp_V6,0.0005015082676582913
302,T-_Dur_III,0.0005013558930065464
303,T_AmpSpecial_aVL,0.0004998812413639593
304,T_Off_aVF,0.0004983709910542824
305,S_PeakTime_V2,0.0004976779834685773
306,T_AmpSpecial_II,0.0004973517828003254
307,ST_Amp_V2,0.0004963467369700708
308,T-_Amp_III,0.0004906972706274851
309,P_DurFull_III,0.0004903460767593817
310,P_PeakTime_aVL,0.0004901917471091308
311,R_Dur_V4,0.000490065392439943
312,S_Dur_V5,0.0004889328627706264
313,QRS_AmpPP_III,0.00048781951555719753
314,T_Off_V1,0.00048754218968509715
315,Max_S_Amp_aVR,0.0004852882576448765
316,T_PeakTime_aVL,0.0004838204917350089
317,ST_AmpMax_V6,0.00048327770258727043
318,QT_IntFridericia_Global,0.00048208954684969356
319,T_Area_II,0.00048129398158398617
320,P-_Dur_V1,0.0004807597738930361
321,QRS_Area_V4,0.0004797338900755742
322,T_Off_III,0.000479233837388892
323,T_Off_V5,0.0004792293902057017
324,P_AreaFull_V1,0.00047772266178180473
325,Q_Dur_aVF,0.00047642803124803756
326,T_PeakTime_V3,0.00047602132567164886
327,ST_Amp_III,0.0004754702941728479
328,Max_R_Amp_II,0.00047541909820131533
329,ST_Amp_aVL,0.00047405219621736075
330,ST_AmpMax_V5,0.0004721457384046031
331,T_Off_V6,0.0004709877345827839
332,Rp_PeakTime_aVR,0.00046712978692694114
333,Max_S_Amp_II,0.00046602770824828444
334,S_PeakTime_V4,0.0004658701345811717
335,R_Amp_V3,0.0004652362570332665
336,T_AreaFull_aVR,0.0004650621210685482
337,T+_Amp_V3,0.00046399284701397544
338,ST_Amp_V5,0.0004612524469600463
339,P_Dur_Global,0.00046111639920763946
340,S_Area_aVF,0.0004594150281815797
341,ST_Amp18_V6,0.00045837216421895573
342,ST_Amp_V4,0.00045792457080671994
343,S_Dur_V3,0.0004572626329871481
344,T_Amp_V1,0.0004571613248351836
345,QRS_Area_III,0.00045689232295010706
346,QRS_AmpPP_aVF,0.0004554936608341313
347,T_Area_V1,0.00045214175798558834
348,QRS_Area_V2,0.0004504174594181978
349,ST_AmpMin_aVR,0.00044985796029337185
350,Max_S_Amp_V4,0.0004495237041379241
351,S_Dur_V6,0.00044881091283353164
352,P_DurFull_V6,0.00044778102709298943
353,T_PeakTime_III,0.0004449275507500769
354,R_Dur_V1,0.00044475341530773123
355,QRS_On_Global,0.0004439449923916243
356,T_PeakTime_V6,0.0004435827442744974
357,T_Amp_aVL,0.00044254970797851753
358,T_AreaFull_II,0.00044152278570335683
359,S_Area_V2,0.0004408527602822361
360,QRS_Area_V3,0.00044059712615670345
361,S_Dur_III,0.00043866778315697444
362,S_PeakTime_V3,0.0004359589174016682
363,S_Area_III,0.0004352801001834676
364,QRS_AmpPP_V6,0.00043461620261094503
365,T_AxisFront_Global,0.0004345230466483598
366,R_Dur_V2,0.0004321752399516088
367,ST_AmpMax_aVR,0.0004307162857493555
368,T_AmpSpecial_aVR,0.0004306120497479356
369,Q_PeakTime_aVL,0.0004292094688455869
370,S_Dur_V1,0.00042857831736588524
371,S_Area_aVL,0.0004283135989551373
372,Q_Area_V5,0.00042758379128399437
373,Max_S_Amp_aVF,0.0004261085642872577
374,ST_Amp18_V1,0.0004245472719938762
375,Q_Dur_V5,0.00042180208018602875
376,Q_Amp_V6,0.00042117625903151476
377,ST_Amp116_V2,0.00042109724615613714
378,Max_S_Amp_V3,0.00041785032165633687
379,S_PeakTime_III,0.00041779713752480624
380,R_Area_V1,0.00041658774124972713
381,QRS_Balance_I,0.0004158402568655139
382,Max_R_Amp_aVR,0.00041583533339580557
383,QRS_Area_aVR,0.0004156240111302081
384,T_Dur_aVL,0.00041561324292431007
385,T_Area_V6,0.00041268856042459007
386,R_Area_III,0.0004124589943559837
387,R_PeakTime_aVL,0.0004115409463836303
388,ST_Amp116_V3,0.00041075708334555527
389,ST_Amp_aVR,0.0004104115512868508
390,T_AmpSpecial_V4,0.00041027676182991453
391,S_Amp_III,0.00041008364854820456
392,R_PeakTime_V1,0.00040921896519016064
393,Q_Area_V4,0.00040895734284344194
394,ST_Amp_aVF,0.0004072402631789818
395,Pp_Amp_III,0.0004068758211465364
396,ST_AmpMax_V3,0.0004060956758156683
397,S_Area_V3,0.00040560855866127383
398,ST_Amp_V6,0.00040483497936936877
399,T_Off_I,0.00040379714745856403
400,ST_Amp116_V4,0.0004031138704784584
401,QRS_Balance_aVL,0.00040299696501935623
402,Q_Amp_aVL,0.0004019644835721282
403,Q_Area_II,0.0003986724147197546
404,ST_Amp116_V6,0.0003979774037594662
405,QRS_AmpPP_V5,0.00039697629143976815
406,S_Area_V5,0.0003964485987574043
407,R_PeakTime_aVF,0.00039597239442057934
408,R_Area_I,0.0003957200904742158
409,R_Dur_V3,0.0003957198514850371
410,R_PeakTime_V2,0.0003948716733483181
411,ST_AmpMax_V2,0.00039473591199643845
412,S_Amp_V2,0.0003943914747430817
413,T_PeakTime_V4,0.00039416699035749766
414,P-_Amp_aVF,0.00039407453768258455
415,T_Dur_V4,0.0003938238917224864
416,QRS_Balance_V3,0.00039244505216631386
417,T_AmpSpecial_V2,0.0003913652003577271
418,P_PeakTime_aVF,0.0003906694522725211
419,R_Amp_V1,0.0003897424111210284
420,P_OnsAmp_V1,0.00038849873299249036
421,R_Amp_V6,0.0003884703689280145
422,T+_Amp_V2,0.00038797009082203247
423,R_AxisFrontal_Global,0.0003876578503367146
424,Max_S_Amp_V2,0.000387618577896573
425,T_AmpSpecial_V6,0.0003847253498281978
426,R_Area_II,0.0003845699646351426
427,P_AreaFull_aVL,0.00038434728003128814
428,Max_S_Amp_V5,0.00038419620691138885
429,R_Amp_aVL,0.00038300185126593676
430,QRS_Balance_V6,0.00038278936823630676
431,R_Area_V2,0.0003816384729255681
432,ST_Amp_V1,0.0003812308619799234
433,T_PeakTime_V2,0.00038074526477087405
434,R_Area_V3,0.0003783470858708565
435,S_Area_V4,0.0003772465272060001
436,Max_S_Amp_aVL,0.00037516873133828073
437,QRS_Balance_II,0.00037488921806778426
438,R_Area_V4,0.00037366529355466194
439,Max_R_Amp_aVL,0.00037179715963700814
440,T_AmpSpecial_V3,0.0003717440874831707
441,QRS_Balance_V1,0.0003712497234407367
442,QRS_Area_I,0.00037039723401554914
443,Q_PeakTime_V5,0.00036983314856832856
444,ST_AmpMin_V1,0.0003697565498362878
445,ST_AmpMax_aVF,0.0003695911752283113
446,ST_Amp116_V1,0.00036720823691623375
447,Max_R_Amp_V6,0.0003661642047321434
448,T-_Amp_V6,0.00036587310236481363
449,S_Amp_V3,0.0003656159671559287
450,ST_AmpMin_V6,0.00036439141638585585
451,Q_Amp_V5,0.00036405660956776483
452,T_Amp_V3,0.0003631177847178329
453,T_AmpSpecial_V1,0.000362950033030695
454,T_AreaFull_V4,0.0003618238914955557
455,P_Area_III,0.00036168936523632144
456,T_Area_V3,0.0003613740029140941
457,T_AreaFull_V1,0.0003611994382027332
458,Max_R_Amp_V3,0.0003611246539904248
459,ST_AmpMax_II,0.0003610674229030998
460,QRS_AmpPP_V2,0.00036036715709277114
461,ST_AmpMax_V1,0.0003602854283647021
462,T+_Amp_II,0.00035957053215483086
463,ST_Amp18_II,0.00035899292428842925
464,P_Amp_III,0.0003588764544469286
465,T_Amp_V4,0.0003575901543559511
466,Max_S_Amp_III,0.00035544121384815155
467,S_Dur_V4,0.0003553478271066517
468,T_Area_aVF,0.000355253175217538
469,S_PeakTime_V1,0.0003550580309301234
470,T+_Amp_I,0.0003548142417234057
471,T_Amp_III,0.00035403514849630655
472,S_Amp_aVR,0.00035367173534305994
473,S_Amp_V5,0.00035357996405551643
474,Max_R_Amp_aVF,0.00035228552826435195
475,QRS_Area_V6,0.000351616103278458
476,ST_Amp116_aVF,0.0003514662275770474
477,T_AmpSpecial_aVF,0.0003502841660105029
478,P_Amp_aVF,0.00034944638647547863
479,ST_Amp116_aVR,0.00034905134893086187
480,Q_Amp_I,0.0003474385793163649
481,QRS_AmpPP_V3,0.00034727375870253184
482,T_AreaFull_V3,0.000346942150681035
483,Max_R_Amp_V2,0.00034660703194745496
484,P_OnsAmp_aVL,0.0003464029754269045
485,T_AmpSpecial_III,0.0003460127142296256
486,T_Amp_V6,0.0003451138811945179
487,Max_S_Amp_V1,0.0003439833559794876
488,ST_Amp_V3,0.000343575020052175
489,ST_AmpMin_aVF,0.0003430639647990704
490,ST_Amp18_V2,0.00034210414516955815
491,T_AreaFull_aVF,0.00034175021924083196
492,T_AreaFull_V5,0.00034152723286409476
493,QRS_Area_V5,0.00034131070372805716
494,R_Dur_III,0.00034119095606653676
495,ST_Amp18_V4,0.0003403856345991738
496,P+_Amp_aVF,0.00034034353505620616
497,ST_Amp18_aVF,0.00034029931380272785
498,QRS_Area_V1,0.0003397670099565094
499,S_Amp_V1,0.0003391579577149786
500,S_Amp_V4,0.0003390084840278147
501,S_Dur_aVR,0.00033725209234531983
502,ST_Amp116_II,0.0003361395912528637
503,S_Area_aVR,0.00033596066851676175
504,T_Area_III,0.0003356973793313999
505,R_PeakTime_III,0.000335692527263601
506,P-_Dur_V2,0.00033518755160013506
507,R_Amp_V2,0.000334941055152463
508,T-_Amp_aVR,0.0003334086768340131
509,T_Area_V4,0.0003315540283802228
510,QRS_AmpPP_V1,0.0003300125714493035
511,R_Area_V5,0.00032974175760944934
512,T+_Amp_aVF,0.00032825984994016525
513,T_Amp_aVF,0.0003281587856608989
514,Max_R_Amp_III,0.00032614694367524003
515,ST_AmpMin_V5,0.0003255617072044867
516,P_Dur_V5,0.00032474630891005644
517,QRS_AmpPP_V4,0.0003242994807761715
518,Q_Amp_II,0.00032422577245036434
519,Max_R_Amp_V5,0.00032296514903717484
520,Max_R_Amp_V1,0.0003224215172794932
521,T_Area_V2,0.0003207124970477816
522,T_Amp_V2,0.00032068531291017826
523,QRS_Balance_aVF,0.00032005614255978785
524,QRS_Balance_V2,0.00031908418261962604
525,ST_Amp18_aVR,0.000318209404898157
526,QRS_Balance_III,0.0003173309031096476
527,R_Area_V6,0.00031592902377952094
528,QRS_Balance_V5,0.00031586114100679035
529,T_Amp_II,0.00031261206182218743
530,ST_AmpMin_II,0.0003118842322473248
531,T_AreaFull_III,0.00031166477335444544
532,ST_AmpMax_V4,0.0003113805243777082
533,T+_Amp_V6,0.0003081515501475296
534,Q_Area_I,0.00030561866894962824
535,P-_Amp_II,0.0003051515884888935
536,R_Amp_V5,0.0003047866269261965
537,ST_AmpMin_V3,0.0003030042967103788
538,S_Area_V1,0.0003024240399294402
539,R_Area_aVF,0.00030218656664406264
540,T_AmpSpecial_V5,0.0003014000988067126
541,T_AreaFull_V2,0.00030095208519964384
542,Q_PeakTime_V1,0.00029805615879214045
543,R_Amp_V4,0.0002980272601259805
544,QRS_Balance_V4,0.0002937327764130913
545,Q_Amp_aVF,0.0002936148798018565
546,T_Area_V5,0.0002928255644359228
547,QRS_Area_aVL,0.0002922141821670269
548,T+_Amp_V5,0.0002889535692819787
549,R_Amp_aVF,0.00028863516667132857
550,ST_Amp_II,0.00028837514810636116
551,R_Amp_III,0.00028753840376703326
552,Q_Area_V1,0.00028438440359401367
553,ST_Amp18_V5,0.00028406613329116465
554,ST_Amp18_V3,0.0002831613412283314
555,Q_Amp_V1,0.00027663740893827727
556,R_Area_aVL,0.0002734032721643464
557,Max_R_Amp_V4,0.0002707284990369039
558,P_DurFull_V4,0.00026530025057461314
559,Q_Dur_V1,0.00026450200482684716
560,P-_Dur_aVF,0.00026173810140966974
561,Rp_Dur_III,0.0002608956906629172
562,T_Amp_V5,0.0002597385858873382
563,Pp_Area_V2,0.00024640972281480416
564,Tp_Dur_aVL,0.0002408242276386316
565,Pp_Dur_V3,0.00023972540444993352
566,Q_Amp_V4,0.0002395417224148824
567,Q_Dur_V4,0.00022430028424232573
568,Q_PeakTime_V3,0.00022032178032037122
569,Pp_PeakTime_II,0.00022024551824900327
570,T-_Amp_aVF,0.0002144295196453382
571,Pp_PeakTime_V2,0.00021438407298328204
572,Rp_Area_III,0.00021136222394219268
573,Q_Amp_V3,0.00020136961829882858
574,Rp_Amp_III,0.0001928152453282385
575,T_Morph_V5,0.00019238664274114835
576,Rp_PeakTime_III,0.00019211527627308104
577,Pp_Dur_II,0.00018924136725678473
578,Rp_Amp_V1,0.00018775946165323565
579,Pp_Dur_aVF,0.00018052065538920229
580,Pp_PeakTime_aVF,0.0001766048704406019
581,P-_Dur_V3,0.00017378515524076176
582,P-_Amp_V3,0.00017296206773236304
583,Pp_Area_V3,0.0001645299889903521
584,Pp_Area_aVF,0.00016444512487181971
585,Rp_Area_V1,0.0001590280848543567
586,Rp_Dur_V1,0.00015892282330067263
587,Pp_Amp_V3,0.00015605991938910896
588,Rp_Dur_aVF,0.00015080473185497957
589,Q_Area_V3,0.00014697772665118067
590,Tp_Dur_III,0.0001465815142828265
591,Rp_Area_aVF,0.0001427644190617857
592,Q_Dur_V3,0.00014269480684262379
593,Rp_PeakTime_V1,0.0001418723542165163
594,Pp_Amp_V2,0.00014128972851820652
595,Tp_Area_III,0.0001370443367424589
596,P-_Amp_V2,0.0001363088516162414
597,Tp_Amp_aVL,0.00013181625364405957
598,Pp_Area_II,0.000131466271878827
599,T_Morph_V4,0.00013037936770383666
600,Tp_Amp_III,0.00012542228810132126
601,T-_Amp_II,0.00012409172302522574
602,T-_Dur_II,0.00012306428428900844
603,Rp_PeakTime_aVF,0.00012303221564579102
604,Tp_PeakTime_III,0.00011951523967607277
605,Tp_Amp_aVF,0.00011709481104496532
606,T-_Dur_aVF,0.00011679918929098666
607,T-_Dur_V6,0.00011583950118666148
608,Pp_Amp_II,0.00010920997897061767
609,Pp_Amp_aVF,0.00010394273344196568
610,Rp_Amp_aVF,0.00010339051289250261
611,T-_Amp_V3,9.936673661094808e-05
612,T_Morph_aVF,9.819833180931231e-05
613,Tp_PeakTime_aVL,9.756937598258694e-05
614,Tp_Area_aVF,9.731842868688042e-05
615,P-_Dur_I,9.686352470242657e-05
616,T_Morph_V2,9.425620618567631e-05
617,Q_Dur_V2,9.409503075510556e-05
618,T-_Amp_V5,8.772939891214187e-05
619,P+_Dur_aVR,8.640580438452338e-05
620,Q_PeakTime_V2,8.606891820131585e-05
621,T-_Dur_V5,8.505943599468949e-05
622,T_Morph_II,8.436167413792743e-05
623,P-_Dur_V4,8.300687370780201e-05
624,T_Morph_aVR,8.256483018795688e-05
625,Tp_Dur_aVF,7.999050591190064e-05
626,T+_Amp_aVR,7.831522089921987e-05
627,Q_Area_V2,7.64665601385131e-05
628,Rp_Area_aVL,7.445074504491124e-05
629,Tp_Area_aVL,7.427749146814875e-05
630,Q_Amp_V2,7.186383267925778e-05
631,Pp_PeakTime_V3,7.136604124188989e-05
632,P-_Amp_V4,7.088592717129712e-05
633,T-_Dur_V4,7.014147699619525e-05
634,P-_Amp_V5,6.905003895677698e-05
635,Tp_PeakTime_V1,6.901139160529883e-05
636,Tp_Amp_V1,6.880083406488014e-05
637,Rp_Amp_aVL,6.555213995684567e-05
638,Tp_Amp_aVR,6.527976399472151e-05
639,Rp_PeakTime_aVL,6.413949358555825e-05
640,T-_Dur_V2,6.389233166544227e-05
641,Sp_Amp_III,6.224743160589737e-05
642,Tp_PeakTime_aVF,6.0952375450234584e-05
643,T-_Amp_V2,6.068296549784225e-05
644,Tp_Area_V6,6.0121857592749754e-05
645,Tp_Area_V2,5.952769952529504e-05
646,T+_Dur_aVR,5.926830883487633e-05
647,Rp_Dur_aVL,5.8425304589247024e-05
648,Sp_Amp_aVF,5.775459082006393e-05
649,Tp_Area_aVR,5.645799267207336e-05
650,Tp_Dur_V5,5.6285851090582003e-05
651,T-_Amp_V4,5.601900421047493e-05
652,Rp_Area_II,5.561523748356197e-05
653,Sp_Dur_aVF,5.423746919316564e-05
654,Tp_Area_V1,5.381015719808625e-05
655,Sp_Dur_III,5.361149531916872e-05
656,P-_Amp_I,5.2510137493494316e-05
657,Rp_Amp_V3,5.0780482710965754e-05
658,Sp_Area_aVF,5.067931312751071e-05
659,Rp_Dur_V2,5.01519043566016e-05
660,Rp_Amp_V2,4.959285496325294e-05
661,T_Morph_V3,4.7700698980587177e-05
662,Tp_PeakTime_II,4.61318247156934e-05
663,P+_Amp_aVR,4.6106844922058285e-05
664,Rp_Dur_V3,4.536620677385176e-05
665,Rp_Amp_II,4.529759885703387e-05
666,Tp_PeakTime_I,4.479530971709103e-05
667,Tp_Dur_aVR,4.41399764680069e-05
668,Tp_Dur_V1,4.387898307122887e-05
669,Pp_PeakTime_I,4.36532473893239e-05
670,Rp_Area_V2,4.3598902942372745e-05
671,Rp_PeakTime_V3,4.352624212414639e-05
672,Tp_Dur_I,4.323111156826999e-05
673,Sp_PeakTime_aVF,4.271988807758733e-05
674,Tp_Area_I,4.0685411174314344e-05
675,Pp_Amp_I,3.9980122826513676e-05
676,Rp_Dur_II,3.9182288633700333e-05
677,Tp_PeakTime_V4,3.912314100748212e-05
678,Sp_Area_V1,3.776035741818637e-05
679,Rp_Area_V3,3.7702610875634e-05
680,Tp_Area_V3,3.732422663917888e-05
681,Tp_Amp_II,3.727208769926443e-05
682,Rp_PeakTime_V2,3.72229282636519e-05
683,Tp_Amp_V5,3.5897779459139254e-05
684,Pp_Area_V4,3.565763207407139e-05
685,Tp_Amp_V6,3.5527091043447684e-05
686,T-_Dur_V3,3.548495089520498e-05
687,Sp_PeakTime_III,3.437002938806612e-05
688,Tp_Dur_II,3.393096678719067e-05
689,Tp_Amp_I,3.3834339844915015e-05
690,Tp_Area_II,3.368383756623814e-05
691,Tp_Dur_V6,3.2737719313025554e-05
692,Sp_Area_III,3.2385514286560484e-05
693,Pp_Dur_I,3.227930174474238e-05
694,Rp_PeakTime_II,3.144063001044242e-05
695,Tp_Amp_V2,3.1137831386292516e-05
696,Tp_Dur_V3,2.9745094477629476e-05
697,Pp_Amp_V4,2.874404652727219e-05
698,Tp_Area_V5,2.8725461317137458e-05
699,Tp_Dur_V4,2.8683087911213865e-05
700,Tp_Amp_V3,2.8577736086888963e-05
701,Sp_Dur_aVL,2.8500767477050047e-05
702,Sp_Amp_V1,2.8340381499785365e-05
703,Sp_PeakTime_aVL,2.8141239768664704e-05
704,Rp_Dur_I,2.7739547948371447e-05
705,Rp_Amp_V4,2.7487287675567436e-05
706,Tp_PeakTime_V3,2.748460933266253e-05
707,P-_Dur_V5,2.7168946386694185e-05
708,Tp_PeakTime_aVR,2.6918469373098123e-05
709,Sp_Dur_V1,2.6561445352694683e-05
710,Tp_Area_V4,2.520864731706607e-05
711,Sp_Area_aVL,2.4656566958674337e-05
712,Tp_PeakTime_V6,2.438116992047895e-05
713,Tp_PeakTime_V5,2.4174861894427796e-05
714,Sp_Area_V3,2.4023612411542193e-05
715,Tp_Amp_V4,2.3442444228976334e-05
716,Tp_PeakTime_V2,2.3391217485884215e-05
717,Tp_Dur_V2,2.3167673513722577e-05
718,Sp_Area_V4,2.2713607244626352e-05
719,Pp_PeakTime_V4,2.271003812663372e-05
720,Rp_Amp_I,2.2598179075794977e-05
721,Rp_Area_V4,2.255780943274904e-05
722,Pp_Area_I,2.249177826639522e-05
723,Sp_Amp_II,2.025515232973686e-05
724,Sp_Area_II,1.9524286636367797e-05
725,Rp_Amp_V5,1.803311960608826e-05
726,Sp_Amp_aVL,1.7701871503460942e-05
727,Sp_Area_V2,1.7474143888520015e-05
728,Sp_Dur_V3,1.746670551811809e-05
729,Rp_Area_I,1.7326117125861632e-05
730,Sp_PeakTime_II,1.72007567473162e-05
731,Pp_Dur_V4,1.687463598092845e-05
732,Rp_PeakTime_I,1.6874145094962573e-05
733,Rp_PeakTime_V4,1.6027553371003562e-05
734,Sp_PeakTime_V4,1.5990458928570372e-05
735,Rp_Area_V6,1.55768788862566e-05
736,Sp_PeakTime_V3,1.4992621168276043e-05
737,Sp_Amp_V4,1.4474761310288584e-05
738,Rp_Dur_V4,1.2661553745461282e-05
739,Sp_PeakTime_V1,1.2611275168038285e-05
740,Sp_Amp_V2,1.2363062411445835e-05
741,P_Morph_aVR,1.2014291084402764e-05
742,Sp_Amp_V3,1.128999129043096e-05
743,Rp_Area_V5,1.1270308318804063e-05
744,Sp_Dur_II,1.0713256778806465e-05
745,Pp_PeakTime_V6,1.0343381730681669e-05
746,Sp_Dur_V4,1.0304038462053485e-05
747,Pp_PeakTime_aVR,9.486826962947487e-06
748,Rp_PeakTime_V6,9.346294564637532e-06
749,Pp_Area_aVR,9.324634537995145e-06
750,Sp_PeakTime_V2,8.401114694273616e-06
751,Rp_PeakTime_V5,8.153737544568186e-06
752,P-_Dur_V6,8.10246789834526e-06
753,Pp_Dur_aVR,7.620410981307038e-06
754,Sp_Dur_V2,7.597452047412059e-06
755,Rp_Dur_V5,7.180986223632774e-06
756,Rp_Dur_V6,7.080746881374223e-06
757,Sp_Amp_V5,6.677669439780057e-06
758,Sp_PeakTime_V5,6.524254656859415e-06
759,Pp_PeakTime_V5,5.926775552899818e-06
760,Pp_Dur_V6,5.8828136545497096e-06
761,Pp_Amp_aVR,5.520621080722738e-06
762,Sp_Dur_I,5.260540233407366e-06
763,Sp_Dur_V5,4.979918057440991e-06
764,Pp_Area_V6,4.378542127669442e-06
765,Sp_Area_aVR,3.982751589723431e-06
766,Pp_Area_V5,3.95156514172405e-06
767,Pp_Amp_V6,3.27999741287338e-06
768,Sp_Area_V5,3.02814721416147e-06
769,Pp_Amp_V5,2.6976417328120725e-06
770,Pp_Dur_V5,2.511127542078102e-06
771,Rp_Amp_V6,2.4643350868712258e-06
772,P-_Amp_V6,2.39707598485464e-06
773,Sp_PeakTime_I,2.2868423833489233e-06
774,Sp_PeakTime_aVR,1.964182673837417e-06
775,Sp_Dur_aVR,1.9476653312119833e-06
776,Sp_Amp_I,1.7423850972023427e-06
777,Sp_PeakTime_V6,1.4064061804884769e-06
778,Sp_Area_I,1.3357660062690299e-06
779,Sp_Dur_V6,1.1348006464317447e-06
780,Sp_Amp_aVR,1.0612695114162698e-06
781,Sp_Area_V6,4.586146099362594e-07
782,Sp_Amp_V6,3.094136504700112e-07
